{
  "project_info": {
    "project_number": "264039498477",
    "firebase_url": "https://petsapp-ccccf.firebaseio.com",
    "project_id": "petsapp-ccccf",
    "storage_bucket": "petsapp-ccccf.appspot.com"
  },
  "client": [
    {
      "client_info": {
        "mobilesdk_app_id": "1:264039498477:android:4b03054c66ec10fcb142e4",
        "android_client_info": {
          "package_name": "com.example.android.pets"
        }
      },
      "oauth_client": [
        {
          "client_id": "264039498477-tqa214p4fur8oplbss0mv13701r1j1da.apps.googleusercontent.com",
          "client_type": 3
        }
      ],
      "api_key": [
        {
          "current_key": "AIzaSyCz1QzkQ4Q9wg1A11OeOjRW8VA_4QgrlGE"
        }
      ],
      "services": {
        "appinvite_service": {
          "other_platform_oauth_client": [
            {
              "client_id": "264039498477-tqa214p4fur8oplbss0mv13701r1j1da.apps.googleusercontent.com",
              "client_type": 3
            }
          ]
        }
      }
    }
  ],
  "configuration_version": "1"
}